Benchmark,Solver,Runtime Mean (s),Runtime StdDev (s),Memory Mean (MB),Memory StdDev (MB)
config_1.lp,highs,0.8170000000000001,0.01888562063228703,148.234765625,0.1832697902723624
config_1.lp,glpk,0.806,0.027568097504180423,148.276953125,0.17106867760863576
config_2.lp,highs,0.835,0.03836954811073778,148.246875,0.12597008556239542
config_2.lp,glpk,0.9319999999999999,0.3476524445796724,148.26328125,0.17562396512644882
problem_5.lp,highs,1.112,0.39293199864042067,148.2203125,0.17750600598700408
problem_5.lp,glpk,0.801,0.013703203194062945,148.184765625,0.1529052818834738
problem_6.lp,highs,0.835,0.032403703492039304,148.22890625,0.1461376103947064
problem_6.lp,glpk,0.808,0.02936362072739363,148.208203125,0.18059149490406248
