Model Size,Solver,Runtime Mean (s),Runtime StdDev (s),Memory Mean (MB),Memory StdDev (MB)
10,highs,0.022595810890197753,0.005130059459256237,0.1890096,0.0016459347361167036
10,glpk,0.029542016983032226,0.0018257777772056737,0.3352577,0.002859533297196898
50,highs,0.07760591506958008,0.0016138056287026232,2.033569,0.0004991590706155637
50,glpk,0.4636860370635986,0.03166004866426902,5.9739644,0.005094909315516103
100,highs,0.2668289661407471,0.019687223119222892,7.8951898,0.003123219272197019
100,glpk,5.921226048469544,0.1528825573316017,23.7483084,0.007283959655754938
