Benchmark,Solver,Runtime Mean (s),Runtime StdDev (s),Memory Mean (MB),Memory StdDev (MB)
pypsa-eur-tutorial-linopy.nc,highs,1.621,0.10948871073210137,178.376171875,0.10597470590712056
pypsa-eur-tutorial-linopy.nc,glpk,1.574,0.027162065049951112,175.728515625,0.11841443931351459
model-energy-products-linopy.nc,highs,16.612,0.13709688382875707,344.5703125,1.4623004541723188
model-energy-products-linopy.nc,glpk,38.034,1.7762144515169842,268.394921875,0.47095995975391186
model-energy-electricity-linopy.nc,highs,26.436,0.9296140178709772,407.851171875,0.23221260858051476
model-energy-electricity-linopy.nc,glpk,71.843,1.1036208084704138,267.04765625,0.4731484896653158
