Benchmark,Solver,Status,Termination Condition,Objective Value,Runtime Mean (s),Runtime StdDev (s),Memory Mean (MB),Memory StdDev (MB)
pypsa-eur-sec-2-24h,gurobi,ok,optimal,15394677140.649637,8.030238628387451,0,411.708,0
pypsa-eur-sec-2-24h,highs,ok,optimal,15394677140.649729,53.43368411064148,0,455.964,0
pypsa-eur-elec-trex-3-24h,gurobi,ok,optimal,7268077217.576023,1.9073781967163086,0,306.956,0
pypsa-eur-elec-trex-3-24h,highs,ok,optimal,7268077217.575893,11.241059064865112,0,301.636,0
pypsa-eur-elec-op-3-24h,gurobi,ok,optimal,7365142648.264536,1.9141714572906494,0,308.844,0
pypsa-eur-elec-op-3-24h,highs,ok,optimal,7365142648.264328,10.757768869400024,0,304.832,0
pypsa-eur-elec-op-ucconv-3-24h,gurobi,ok,optimal,10547194057.513237,14.68377137184143,0,564.524,0
pypsa-eur-elec-op-ucconv-3-24h,highs,ok,optimal,10547295811.822376,147.01707005500793,0,658.616,0
