Benchmark,Solver,Status,Termination Condition,Objective Value,Runtime Mean (s),Runtime StdDev (s),Memory Mean (MB),Memory StdDev (MB)
pypsa-wind+sol+ely-1h-ucwind,gurobi,ok,optimal,313963605214.4336,5.641877317428589,0.1348455145948576,401.4972,3.7835978409738886
pypsa-wind+sol+ely-1h-ucwind,highs,ok,optimal,313963605214.43445,18.701515793800354,0.11752779349974384,490.3296,1.666927126314909
pypsa-wind+sol+ely-1h-ucwind,glpk,ok,optimal,313963605200.0,55.309310626983645,0.7891492283144,408.1232,1.2793731798554178
pypsa-wind+sol+ely-1h-ucwind,scip,ok,optimal,313963605214.43396,119.8822919368744,0.6906874179369946,1104.3896,1.795856168454944
pypsa-wind+sol+ely-1h,gurobi,ok,optimal,84667526618.31046,23.647071218490602,0.21585427903821125,383.116,1.557889170212914
pypsa-wind+sol+ely-1h,highs,ok,optimal,84667526618.31026,108.58222670555115,1.0951616914389568,515.6876,1.8762709588732551
pypsa-wind+sol+ely-1h,glpk,ok,optimal,84667526620.0,240.0853922367096,2.9618626746695043,346.792,1.8676340350531393
pypsa-wind+sol+ely-1h,scip,ok,optimal,84667526618.308,210.22861552238464,1.3676106992874897,718.5332,2.9567483942105626
