Benchmark,Solver,Status,Termination Condition,Objective Value,Runtime (s),Memory Usage (MB)
pypsa-eur-sec-2-24h,gurobi,ok,optimal,15394677140.649637,8.030238628387451,411.708
pypsa-eur-sec-2-24h,highs,ok,optimal,15394677140.649729,53.43368411064148,455.964
pypsa-eur-elec-trex-3-24h,gurobi,ok,optimal,7268077217.576023,1.9073781967163086,306.956
pypsa-eur-elec-trex-3-24h,highs,ok,optimal,7268077217.575893,11.241059064865112,301.636
pypsa-eur-elec-op-3-24h,gurobi,ok,optimal,7365142648.264536,1.9141714572906494,308.844
pypsa-eur-elec-op-3-24h,highs,ok,optimal,7365142648.264328,10.757768869400024,304.832
pypsa-eur-elec-op-ucconv-3-24h,gurobi,ok,optimal,10547194057.513237,14.68377137184143,564.524
pypsa-eur-elec-op-ucconv-3-24h,highs,ok,optimal,10547295811.822376,147.01707005500793,658.616
